filename,width,height,class,xmin,ymin,xmax,ymax
image1.jpg,900,600,Mercedes,385,400,653,570
image1.jpg,900,600,Mercedes,558,377,843,530
image1.jpg,900,600,Red Bull Racing,135,372,380,518
image1.jpg,900,600,Ferrari,368,337,529,440
image1.jpg,900,600,McLaren,415,228,552,311
image1.jpg,900,600,Racing Point,382,157,518,236
image1.jpg,900,600,Renault,534,317,716,422
image10.jpg,900,600,Ferrari,173,484,434,570
image10.jpg,900,600,Ferrari,749,382,849,460
image10.jpg,900,600,Mercedes,584,412,730,493
image10.jpg,900,600,Mercedes,503,291,633,349
image10.jpg,900,600,Renault,623,337,734,404
image10.jpg,900,600,Renault,536,261,676,314
image10.jpg,900,600,McLaren,256,191,342,227
image10.jpg,900,600,McLaren,367,258,502,312
image10.jpg,900,600,Red Bull Racing,685,311,808,377
image10.jpg,900,600,Red Bull Racing,276,232,376,280
image10.jpg,900,600,Racing Point,213,137,293,173
image100.jpg,900,600,McLaren,66,290,886,534
image101.jpg,900,600,Red Bull Racing,512,8,583,64
image101.jpg,900,600,Ferrari,467,221,548,290
image102.jpg,900,600,Red Bull Racing,27,352,284,482
image102.jpg,900,600,Mercedes,513,348,748,474
image102.jpg,900,600,Mercedes,273,357,511,483
image102.jpg,900,600,Ferrari,728,309,872,416
image102.jpg,900,600,Ferrari,413,283,552,370
image103.jpg,900,600,McLaren,577,175,698,237
image103.jpg,900,600,McLaren,639,240,761,305
image103.jpg,900,600,Ferrari,337,196,485,264
image103.jpg,900,600,Red Bull Racing,610,33,723,101
image104.jpg,900,600,Red Bull Racing,345,203,607,390
image104.jpg,900,600,McLaren,4,142,244,305
image105.jpg,900,600,Ferrari,60,201,778,401
image106.jpg,900,600,Mercedes,392,345,678,545
image106.jpg,900,600,Ferrari,10,252,244,418
image106.jpg,900,600,Red Bull Racing,167,164,376,305
image106.jpg,900,600,McLaren,694,162,892,305
image106.jpg,900,600,Racing Point,613,52,783,161
image107.jpg,900,600,Red Bull Racing,162,276,481,463
image107.jpg,900,600,McLaren,585,132,780,247
image108.jpg,900,600,Racing Point,421,323,599,410
image109.jpg,900,600,Red Bull Racing,153,235,846,511
image11.jpg,900,600,Mercedes,669,230,899,338
image11.jpg,900,600,Mercedes,408,204,601,303
image11.jpg,900,600,Renault,576,203,721,287
image11.jpg,900,600,McLaren,324,173,448,240
image110.jpg,900,600,Renault,68,204,575,437
image111.jpg,900,600,Red Bull Racing,633,350,750,428
image112.jpg,900,600,accident,226,40,554,174
image112.jpg,900,600,Mercedes,27,232,874,465
image113.jpg,900,600,Renault,83,270,638,485
image114.jpg,900,600,Red Bull Racing,312,340,387,386
image114.jpg,900,600,Ferrari,211,344,285,385
image114.jpg,900,600,Red Bull Racing,474,367,578,423
image116.jpg,900,600,Red Bull Racing,749,215,900,341
image117.jpg,900,600,Mercedes,213,379,581,583
image117.jpg,900,600,Ferrari,143,111,386,313
image118.jpg,900,600,Mercedes,231,99,685,396
image119.jpg,900,600,Renault,466,382,642,499
image119.jpg,900,600,Ferrari,279,207,386,274
image12.jpg,900,600,accident,294,288,542,406
image120.jpg,900,600,Red Bull Racing,313,256,615,340
image121.jpg,900,600,Mercedes,290,253,773,498
image125.jpg,900,600,Red Bull Racing,70,200,824,556
image126.jpg,900,600,Red Bull Racing,151,187,553,441
image127.jpg,900,600,McLaren,244,201,404,303
image128.jpg,900,600,Red Bull Racing,522,378,863,549
image128.jpg,900,600,Ferrari,65,347,368,515
image129.jpg,900,600,Mercedes,109,292,668,494
image13.jpg,900,600,accident,39,366,331,478
image13.jpg,900,600,accident,440,269,649,391
image130.jpg,900,600,McLaren,183,20,295,83
image130.jpg,900,600,McLaren,412,2,543,58
image131.jpg,900,600,Racing Point,642,377,806,471
image132.jpg,900,600,Mercedes,576,408,802,532
image133.jpg,900,600,Mercedes,161,313,717,522
image134.jpg,900,600,Ferrari,426,211,830,376
image134.jpg,900,600,Ferrari,85,119,489,288
image135.jpg,900,600,Racing Point,428,262,845,423
image135.jpg,900,600,Renault,64,212,473,360
image135.jpg,900,600,Red Bull Racing,251,97,652,219
image136.jpg,900,600,Red Bull Racing,350,19,865,369
image137.jpg,900,600,McLaren,58,282,686,478
image138.jpg,900,600,Renault,440,146,596,226
image138.jpg,900,600,Renault,104,89,232,181
image138.jpg,900,600,Racing Point,323,167,479,260
image138.jpg,900,600,Racing Point,220,204,387,300
image138.jpg,900,600,Red Bull Racing,564,68,682,142
image138.jpg,900,600,McLaren,413,90,531,161
image138.jpg,900,600,Ferrari,209,277,397,382
image138.jpg,900,600,Ferrari,616,327,819,444
image138.jpg,900,600,Mercedes,136,418,356,558
image138.jpg,900,600,Mercedes,696,432,893,564
image139.jpg,900,600,Red Bull Racing,51,216,340,372
image139.jpg,900,600,Mercedes,411,266,776,446
image14.jpg,900,600,accident,60,373,322,484
image140.jpg,900,600,Ferrari,204,147,561,391
image141.jpg,900,600,Ferrari,582,278,817,418
image142.jpg,900,600,Red Bull Racing,101,217,279,318
image142.jpg,900,600,Mercedes,331,265,553,374
image142.jpg,900,600,Renault,31,71,133,122
image142.jpg,900,600,Racing Point,9,9,82,60
image143.jpg,900,600,Mercedes,49,437,320,542
image143.jpg,900,600,Mercedes,326,454,580,548
image143.jpg,900,600,Red Bull Racing,600,416,752,507
image143.jpg,900,600,Red Bull Racing,763,393,894,483
image143.jpg,900,600,Renault,518,391,630,467
image143.jpg,900,600,McLaren,219,333,331,394
image143.jpg,900,600,McLaren,318,355,439,423
image143.jpg,900,600,Ferrari,513,346,634,394
image144.jpg,900,600,Mercedes,56,319,336,477
image144.jpg,900,600,Mercedes,469,304,772,444
image145.jpg,900,600,Red Bull Racing,256,436,558,573
image145.jpg,900,600,Renault,585,353,713,466
image145.jpg,900,600,McLaren,354,347,493,455
image145.jpg,900,600,Red Bull Racing,679,404,879,537
image145.jpg,900,600,Ferrari,71,411,319,549
image146.jpg,900,600,Red Bull Racing,59,318,464,483
image147.jpg,900,600,Ferrari,42,300,201,391
image147.jpg,900,600,Ferrari,390,275,534,355
image147.jpg,900,600,Renault,651,197,783,264
image147.jpg,900,600,Renault,206,176,318,232
image147.jpg,900,600,McLaren,300,142,407,191
image147.jpg,900,600,McLaren,754,106,834,155
image147.jpg,900,600,Red Bull Racing,404,185,521,246
image147.jpg,900,600,Mercedes,64,389,328,503
image147.jpg,900,600,Mercedes,386,337,574,431
image148.jpg,900,600,Racing Point,6,370,427,540
image148.jpg,900,600,Red Bull Racing,1,70,438,236
image149.jpg,900,600,Red Bull Racing,439,429,514,478
image149.jpg,900,600,Ferrari,165,165,206,216
image15.jpg,900,600,accident,187,190,683,405
image150.jpg,900,600,Racing Point,60,36,879,488
image151.jpg,900,600,Mercedes,297,390,473,490
image151.jpg,900,600,Mercedes,618,379,794,481
image151.jpg,900,600,Renault,495,322,629,402
image151.jpg,900,600,McLaren,276,303,401,373
image151.jpg,900,600,McLaren,196,290,306,350
image151.jpg,900,600,Red Bull Racing,740,318,875,391
image152.jpg,900,600,Red Bull Racing,381,317,568,419
image153.jpg,900,600,Mercedes,496,418,624,506
image154.jpg,900,600,Red Bull Racing,587,369,843,514
image154.jpg,900,600,Mercedes,127,300,297,392
image154.jpg,900,600,Ferrari,286,314,464,413
image154.jpg,900,600,McLaren,507,255,594,303
image155.jpg,900,600,Mercedes,235,235,358,272
image155.jpg,900,600,Red Bull Racing,438,247,561,282
image156.jpg,900,600,Mercedes,150,276,786,485
image156.jpg,900,600,Mercedes,182,166,537,283
image157.jpg,900,600,McLaren,62,287,624,482
image157.jpg,900,600,McLaren,158,107,406,229
image157.jpg,900,600,Racing Point,585,214,888,357
image157.jpg,900,600,Renault,459,134,712,260
image158.jpg,900,600,Renault,249,350,823,576
image158.jpg,900,600,McLaren,2,370,238,531
image159.jpg,900,600,Red Bull Racing,4,270,350,444
image16.jpg,900,600,accident,83,192,499,486
image16.jpg,900,600,accident,318,296,875,465
image160.jpg,900,600,Mercedes,456,406,780,522
image160.jpg,900,600,Ferrari,124,373,275,453
image160.jpg,900,600,Ferrari,348,360,465,437
image160.jpg,900,600,Racing Point,558,326,649,373
image160.jpg,900,600,Renault,485,339,581,396
image160.jpg,900,600,Red Bull Racing,292,331,384,379
image160.jpg,900,600,Racing Point,183,335,252,378
image161.jpg,900,600,Red Bull Racing,15,118,845,500
image162.jpg,900,600,Red Bull Racing,561,256,842,384
image162.jpg,900,600,Mercedes,71,305,310,442
image162.jpg,900,600,Ferrari,119,232,315,320
image163.jpg,900,600,Mercedes,22,223,334,382
image163.jpg,900,600,Ferrari,401,177,572,298
image163.jpg,900,600,Red Bull Racing,645,204,873,352
image164.jpg,900,600,Mercedes,214,298,534,485
image164.jpg,900,600,Red Bull Racing,531,268,873,514
image164.jpg,900,600,Ferrari,42,165,290,325
image165.jpg,900,600,Red Bull Racing,392,410,491,472
image165.jpg,900,600,Renault,449,371,533,414
image165.jpg,900,600,Renault,505,315,585,372
image165.jpg,900,600,Mercedes,554,466,661,527
image165.jpg,900,600,Ferrari,699,485,822,548
image165.jpg,900,600,Racing Point,627,351,719,399
image165.jpg,900,600,Racing Point,417,346,497,396
image165.jpg,900,600,McLaren,597,248,673,287
image165.jpg,900,600,McLaren,730,450,821,499
image166.jpg,900,600,Ferrari,642,414,869,529
image166.jpg,900,600,McLaren,649,352,837,444
image166.jpg,900,600,Red Bull Racing,107,294,294,386
image166.jpg,900,600,Renault,248,226,407,306
image166.jpg,900,600,Renault,317,155,451,231
image166.jpg,900,600,Racing Point,166,194,302,280
image166.jpg,900,600,Racing Point,568,195,728,290
image166.jpg,900,600,Mercedes,429,375,636,496
image166.jpg,900,600,Mercedes,222,365,428,464
image167.jpg,900,600,Red Bull Racing,190,356,322,455
image168.jpg,900,600,Red Bull Racing,150,390,517,557
image169.jpg,900,600,Red Bull Racing,212,364,502,546
image17.jpg,900,600,accident,208,258,810,461
image170.jpg,900,600,Mercedes,94,422,352,561
image170.jpg,900,600,Ferrari,478,358,692,481
image170.jpg,900,600,Ferrari,347,314,548,422
image170.jpg,900,600,Mercedes,121,300,319,406
image170.jpg,900,600,Racing Point,230,156,357,237
image170.jpg,900,600,McLaren,698,227,850,314
image170.jpg,900,600,McLaren,425,234,577,323
image170.jpg,900,600,Renault,359,100,461,154
image170.jpg,900,600,Red Bull Racing,728,313,898,415
image171.jpg,900,600,Mercedes,258,185,683,459
image172.jpg,900,600,Racing Point,547,493,744,577
image172.jpg,900,600,Renault,518,432,671,502
image172.jpg,900,600,Renault,308,402,424,455
image172.jpg,900,600,Ferrari,227,335,297,379
image172.jpg,900,600,Red Bull Racing,338,291,389,321
image172.jpg,900,600,Red Bull Racing,379,341,437,373
image173.jpg,900,600,Mercedes,224,9,900,393
image174.jpg,900,600,Ferrari,418,232,738,371
image175.jpg,900,600,Mercedes,86,459,266,534
image175.jpg,900,600,Ferrari,508,465,674,549
image175.jpg,900,600,Ferrari,269,465,440,548
image175.jpg,900,600,Red Bull Racing,518,400,667,473
image175.jpg,900,600,Renault,778,293,881,346
image175.jpg,900,600,McLaren,406,327,507,382
image176.jpg,900,600,Mercedes,69,437,570,548
image177.jpg,900,600,Renault,543,363,693,456
image177.jpg,900,600,Mercedes,109,423,484,574
image177.jpg,900,600,Renault,231,352,321,403
image178.jpg,900,600,Red Bull Racing,236,267,387,345
image178.jpg,900,600,Ferrari,139,206,186,250
image179.jpg,900,600,Red Bull Racing,584,196,747,292
image179.jpg,900,600,Mercedes,360,234,626,375
image18.jpg,900,600,accident,140,193,662,482
image180.jpg,900,600,Ferrari,232,331,541,474
image181.jpg,900,600,Mercedes,177,288,550,482
image181.jpg,900,600,Red Bull Racing,454,291,797,464
image182.jpg,900,600,Red Bull Racing,99,347,493,503
image182.jpg,900,600,Ferrari,598,330,861,463
image182.jpg,900,600,Red Bull Racing,493,181,591,227
image182.jpg,900,600,Mercedes,352,308,593,413
image182.jpg,900,600,Racing Point,584,292,699,362
image183.jpg,900,600,Red Bull Racing,507,208,778,355
image183.jpg,900,600,Mercedes,34,208,530,458
image184.jpg,900,600,Red Bull Racing,226,267,385,346
image185.jpg,900,600,McLaren,157,322,646,566
image186.jpg,900,600,McLaren,592,417,773,510
image186.jpg,900,600,McLaren,22,427,369,552
image187.jpg,900,600,Red Bull Racing,194,96,604,275
image188.jpg,900,600,Red Bull Racing,301,327,823,558
image189.jpg,900,600,Mercedes,235,383,742,544
image19.jpg,900,600,accident,320,237,866,436
image190.jpg,900,600,Racing Point,185,426,314,497
image191.jpg,900,600,Red Bull Racing,200,300,476,388
image191.jpg,900,600,Mercedes,523,305,806,387
image192.jpg,900,600,Red Bull Racing,221,267,795,484
image192.jpg,900,600,McLaren,45,217,282,337
image193.jpg,900,600,Mercedes,102,297,547,518
image193.jpg,900,600,Red Bull Racing,533,294,842,437
image194.jpg,900,600,Racing Point,36,214,836,549
image194.jpg,900,600,Racing Point,231,111,498,218
image195.jpg,900,600,Red Bull Racing,22,278,319,437
image195.jpg,900,600,Mercedes,294,296,621,477
image195.jpg,900,600,McLaren,537,119,686,217
image195.jpg,900,600,Racing Point,505,56,645,136
image196.jpg,900,600,Ferrari,329,224,777,381
image196.jpg,900,600,McLaren,28,250,498,441
image196.jpg,900,600,Racing Point,211,161,338,228
image196.jpg,900,600,Racing Point,460,136,528,168
image197.jpg,900,600,Mercedes,97,355,352,515
image198.jpg,900,600,Red Bull Racing,536,212,722,318
image198.jpg,900,600,Mercedes,258,323,710,543
image199.jpg,900,600,Red Bull Racing,164,437,510,591
image199.jpg,900,600,Ferrari,546,397,685,489
image199.jpg,900,600,Mercedes,431,356,537,416
image199.jpg,900,600,McLaren,561,300,612,329
image2.jpg,900,600,Mercedes,269,421,490,552
image2.jpg,900,600,Ferrari,5,355,207,465
image2.jpg,900,600,Ferrari,425,341,621,455
image2.jpg,900,600,Red Bull Racing,186,298,360,388
image2.jpg,900,600,McLaren,567,303,747,406
image2.jpg,900,600,Racing Point,540,209,711,291
image2.jpg,900,600,Renault,394,231,540,316
image2.jpg,900,600,Renault,114,250,279,341
image20.jpg,900,600,Mercedes,210,457,395,559
image20.jpg,900,600,Mercedes,231,346,392,438
image20.jpg,900,600,McLaren,521,411,694,509
image20.jpg,900,600,McLaren,464,182,622,265
image20.jpg,900,600,Renault,131,197,295,287
image20.jpg,900,600,Renault,340,294,506,386
image20.jpg,900,600,Red Bull Racing,115,277,292,367
image20.jpg,900,600,Racing Point,453,77,593,160
image20.jpg,900,600,Ferrari,182,101,332,186
image200.jpg,900,600,McLaren,80,198,248,291
image200.jpg,900,600,Red Bull Racing,449,239,772,404
image201.jpg,900,600,Mercedes,328,310,638,506
image202.jpg,900,600,Mercedes,128,227,758,546
image203.jpg,900,600,Mercedes,83,173,635,497
image204.jpg,900,600,Mercedes,178,382,744,555
image204.jpg,900,600,Mercedes,664,321,873,386
image205.jpg,900,600,Mercedes,85,347,240,448
image205.jpg,900,600,Mercedes,484,459,772,587
image205.jpg,900,600,McLaren,752,129,897,206
image205.jpg,900,600,McLaren,622,95,735,149
image205.jpg,900,600,Ferrari,323,330,465,429
image205.jpg,900,600,Ferrari,80,281,244,374
image205.jpg,900,600,Red Bull Racing,362,270,517,357
image205.jpg,900,600,Red Bull Racing,382,221,553,297
image205.jpg,900,600,Renault,731,65,817,124
image205.jpg,900,600,Racing Point,601,50,690,111
image206.jpg,900,600,Ferrari,92,72,263,182
image206.jpg,900,600,Ferrari,36,143,231,268
image206.jpg,900,600,Mercedes,345,255,821,533
image206.jpg,900,600,Mercedes,25,236,313,403
image207.jpg,900,600,Mercedes,65,174,674,409
image208.jpg,900,600,accident,242,219,729,397
image209.jpg,900,600,Red Bull Racing,16,362,313,503
image209.jpg,900,600,Racing Point,290,254,396,318
image209.jpg,900,600,Mercedes,357,387,640,493
image209.jpg,900,600,Ferrari,702,324,848,418
image209.jpg,900,600,McLaren,533,270,633,337
image21.jpg,900,600,accident,25,217,374,320
image210.jpg,900,600,Mercedes,218,257,801,437
image210.jpg,900,600,Ferrari,4,225,231,332
image210.jpg,900,600,Renault,682,246,894,336
image211.jpg,900,600,Mercedes,409,391,674,497
image211.jpg,900,600,Red Bull Racing,177,365,396,470
image211.jpg,900,600,McLaren,42,325,196,401
image211.jpg,900,600,Renault,458,207,566,252
image211.jpg,900,600,Ferrari,596,321,753,405
image211.jpg,900,600,Racing Point,302,340,454,415
image211.jpg,900,600,Renault,329,278,476,347
image212.jpg,900,600,McLaren,41,284,210,425
image212.jpg,900,600,Mercedes,534,402,745,560
image212.jpg,900,600,Racing Point,59,131,204,245
image212.jpg,900,600,McLaren,308,188,471,296
image212.jpg,900,600,Renault,185,232,342,351
image213.jpg,900,600,Ferrari,590,274,739,376
image213.jpg,900,600,Renault,218,306,551,449
image213.jpg,900,600,McLaren,398,219,510,266
image213.jpg,900,600,Red Bull Racing,196,228,307,289
image214.jpg,900,600,Mercedes,210,374,629,580
image214.jpg,900,600,Ferrari,322,310,377,352
image214.jpg,900,600,Mercedes,392,337,643,455
image215.jpg,900,600,Mercedes,346,239,828,540
image215.jpg,900,600,Mercedes,36,231,316,412
image215.jpg,900,600,Ferrari,90,68,267,183
image215.jpg,900,600,Ferrari,45,140,240,271
image22.jpg,900,600,Mercedes,299,359,614,510
image22.jpg,900,600,Mercedes,4,373,294,523
image22.jpg,900,600,Ferrari,621,357,900,503
image23.jpg,900,600,Mercedes,87,417,259,517
image23.jpg,900,600,Ferrari,263,430,445,537
image23.jpg,900,600,Red Bull Racing,522,352,663,447
image23.jpg,900,600,Renault,776,227,879,285
image23.jpg,900,600,Ferrari,496,426,683,530
image24.jpg,900,600,Racing Point,465,251,608,317
image24.jpg,900,600,Racing Point,278,352,448,437
image24.jpg,900,600,Red Bull Racing,68,364,242,453
image24.jpg,900,600,Mercedes,181,427,372,521
image24.jpg,900,600,Mercedes,428,401,610,497
image24.jpg,900,600,Renault,237,251,379,321
image24.jpg,900,600,Renault,541,159,646,213
image25.jpg,900,600,Racing Point,170,459,458,571
image25.jpg,900,600,Red Bull Racing,358,250,495,316
image25.jpg,900,600,Renault,402,378,583,477
image25.jpg,900,600,McLaren,395,147,501,203
image252.jpg,900,600,McLaren,559,328,873,522
image252.jpg,900,600,McLaren,2,283,323,460
image253.jpg,900,600,Ferrari,365,484,583,572
image253.jpg,900,600,Renault,380,410,484,465
image253.jpg,900,600,McLaren,41,310,96,347
image254.jpg,900,600,McLaren,277,303,745,506
image254.jpg,900,600,Racing Point,309,113,597,259
image254.jpg,900,600,Red Bull Racing,86,3,333,128
image255.jpg,900,600,McLaren,235,345,779,528
image255.jpg,900,600,Ferrari,402,296,554,347
image255.jpg,900,600,Racing Point,1,272,165,332
image256.jpg,900,600,Ferrari,124,376,293,493
image256.jpg,900,600,Ferrari,439,353,599,453
image256.jpg,900,600,McLaren,604,321,754,418
image256.jpg,900,600,McLaren,478,297,611,372
image256.jpg,900,600,Mercedes,398,443,603,566
image256.jpg,900,600,Red Bull Racing,314,396,466,513
image256.jpg,900,600,Red Bull Racing,233,324,390,413
image256.jpg,900,600,Renault,198,290,333,366
image256.jpg,900,600,Racing Point,547,250,673,318
image257.jpg,900,600,McLaren,497,326,773,495
image258.jpg,900,600,McLaren,429,324,900,458
image258.jpg,900,600,Renault,14,316,423,449
image259.jpg,900,600,McLaren,46,299,584,447
image26.jpg,900,600,Mercedes,45,369,462,537
image26.jpg,900,600,McLaren,609,330,875,476
image26.jpg,900,600,McLaren,42,277,236,414
image26.jpg,900,600,Renault,255,164,397,262
image260.jpg,900,600,Mercedes,214,370,626,571
image260.jpg,900,600,McLaren,337,218,464,300
image261.jpg,900,600,Renault,28,77,849,566
image262.jpg,900,600,Renault,416,45,885,410
image263.jpg,900,600,Renault,621,255,872,401
image263.jpg,900,600,McLaren,453,196,615,294
image264.jpg,900,600,McLaren,66,310,773,587
image264.jpg,900,600,Renault,236,174,479,305
image265.jpg,900,600,Renault,165,397,555,570
image265.jpg,900,600,Ferrari,622,378,803,476
image266.jpg,900,600,Renault,73,271,636,477
image266.jpg,900,600,McLaren,116,272,324,377
image267.jpg,900,600,Renault,245,350,710,576
image268.jpg,900,600,Renault,133,108,421,258
image268.jpg,900,600,Racing Point,241,249,672,471
image269.jpg,900,600,Renault,264,153,890,438
image269.jpg,900,600,Renault,34,131,426,339
image27.jpg,900,600,Mercedes,682,324,888,413
image27.jpg,900,600,Renault,572,306,742,387
image27.jpg,900,600,Ferrari,296,306,376,349
image270.jpg,900,600,Renault,173,463,265,520
image271.jpg,900,600,Renault,173,359,355,456
image271.jpg,900,600,Ferrari,432,388,710,530
image272.jpg,900,600,Renault,60,213,228,314
image272.jpg,900,600,Renault,378,132,522,219
image272.jpg,900,600,Racing Point,673,58,765,116
image272.jpg,900,600,Racing Point,601,40,679,91
image272.jpg,900,600,Red Bull Racing,517,114,655,185
image272.jpg,900,600,McLaren,151,138,308,218
image272.jpg,900,600,Ferrari,398,384,832,585
image272.jpg,900,600,Mercedes,27,297,289,453
image272.jpg,900,600,Ferrari,332,276,546,426
image273.jpg,900,600,Renault,45,134,884,530
image274.jpg,900,600,Renault,277,120,883,412
image275.jpg,900,600,Renault,639,396,861,526
image275.jpg,900,600,Red Bull Racing,89,400,242,496
image276.jpg,900,600,Renault,474,316,770,516
image276.jpg,900,600,Racing Point,201,326,393,453
image277.jpg,900,600,Ferrari,489,249,542,308
image277.jpg,900,600,Red Bull Racing,296,134,382,183
image279.jpg,900,600,Renault,262,480,471,568
image28.jpg,900,600,McLaren,590,241,764,332
image28.jpg,900,600,Ferrari,322,305,571,429
image28.jpg,900,600,Mercedes,185,284,381,383
image28.jpg,900,600,Racing Point,617,141,715,196
image280.jpg,900,600,Renault,167,139,749,418
image281.jpg,900,600,Racing Point,109,116,811,468
image282.jpg,900,600,Racing Point,53,230,827,560
image282.jpg,900,600,Racing Point,239,134,499,241
image283.jpg,900,600,Racing Point,158,219,460,462
image284.jpg,900,600,Racing Point,355,205,671,357
image285.jpg,900,600,Racing Point,642,397,770,457
image285.jpg,900,600,Racing Point,518,291,628,349
image285.jpg,900,600,McLaren,414,320,521,366
image285.jpg,900,600,Red Bull Racing,246,149,339,200
image285.jpg,900,600,Ferrari,132,156,234,200
image286.jpg,900,600,Racing Point,59,53,805,338
image287.jpg,900,600,Racing Point,10,109,696,538
image288.jpg,900,600,Racing Point,358,60,872,270
image289.jpg,900,600,Racing Point,4,41,495,308
image289.jpg,900,600,Renault,40,138,826,539
image29.jpg,900,600,Mercedes,347,324,510,412
image29.jpg,900,600,Mercedes,575,303,727,387
image29.jpg,900,600,Ferrari,703,284,844,355
image29.jpg,900,600,McLaren,134,214,249,275
image29.jpg,900,600,Renault,472,219,602,279
image29.jpg,900,600,Red Bull Racing,422,136,517,182
image29.jpg,900,600,Ferrari,282,297,431,376
image29.jpg,900,600,Renault,67,191,179,250
image29.jpg,900,600,Racing Point,249,200,349,253
image290.jpg,900,600,Renault,61,212,228,315
image290.jpg,900,600,Renault,384,139,522,210
image290.jpg,900,600,Red Bull Racing,512,108,654,183
image290.jpg,900,600,Ferrari,327,283,552,422
image290.jpg,900,600,Racing Point,671,57,768,115
image291.jpg,900,600,Red Bull Racing,132,365,315,477
image291.jpg,900,600,McLaren,722,360,899,466
image291.jpg,900,600,Ferrari,7,321,152,426
image291.jpg,900,600,Renault,351,344,521,456
image291.jpg,900,600,Racing Point,260,333,382,432
image291.jpg,900,600,Mercedes,504,416,716,549
image292.jpg,900,600,Racing Point,117,113,887,580
image293.jpg,900,600,Red Bull Racing,157,350,321,463
image293.jpg,900,600,Ferrari,693,378,872,496
image293.jpg,900,600,Red Bull Racing,28,277,162,368
image293.jpg,900,600,Ferrari,359,364,509,468
image293.jpg,900,600,Mercedes,464,388,652,505
image293.jpg,900,600,Renault,208,288,345,362
image293.jpg,900,600,McLaren,353,252,480,335
image293.jpg,900,600,McLaren,561,278,686,353
image293.jpg,900,600,Racing Point,253,222,366,289
image294.jpg,900,600,Racing Point,67,400,420,562
image295.jpg,900,600,Racing Point,177,313,623,572
image297.jpg,900,600,Racing Point,698,220,835,310
image297.jpg,900,600,Ferrari,583,128,709,201
image297.jpg,900,600,Red Bull Racing,746,121,862,199
image297.jpg,900,600,Mercedes,260,425,510,572
image297.jpg,900,600,McLaren,117,16,242,77
image297.jpg,900,600,Ferrari,478,65,598,131
image297.jpg,900,600,Mercedes,320,49,445,109
image298.jpg,900,600,Racing Point,28,337,186,443
image298.jpg,900,600,Racing Point,467,305,609,390
image298.jpg,900,600,Mercedes,257,338,418,434
image298.jpg,900,600,Mercedes,645,359,829,477
image298.jpg,900,600,McLaren,379,284,495,365
image298.jpg,900,600,McLaren,186,309,330,393
image298.jpg,900,600,Renault,547,238,654,301
image298.jpg,900,600,Renault,614,226,721,281
image298.jpg,900,600,Red Bull Racing,718,309,866,390
image299.jpg,900,600,Racing Point,517,337,730,453
image299.jpg,900,600,Racing Point,541,241,701,334
image299.jpg,900,600,Ferrari,103,321,282,424
image299.jpg,900,600,Ferrari,105,281,273,358
image299.jpg,900,600,Mercedes,277,266,457,353
image299.jpg,900,600,Mercedes,607,440,842,588
image299.jpg,900,600,Red Bull Racing,116,174,243,247
image299.jpg,900,600,Red Bull Racing,674,260,853,369
image299.jpg,900,600,Renault,651,202,801,285
image299.jpg,900,600,Renault,93,126,190,172
image299.jpg,900,600,McLaren,67,164,178,221
image3.jpg,900,600,Mercedes,108,295,630,517
image3.jpg,900,600,Ferrari,256,128,522,269
image3.jpg,900,600,Racing Point,717,52,895,166
image3.jpg,900,600,Red Bull Racing,476,93,693,234
image3.jpg,900,600,Red Bull Racing,131,73,354,198
image3.jpg,900,600,Renault,290,36,501,138
image3.jpg,900,600,Ferrari,466,222,749,424
image30.jpg,900,600,Red Bull Racing,31,337,386,479
image30.jpg,900,600,Red Bull Racing,394,188,568,301
image30.jpg,900,600,McLaren,601,320,885,453
image30.jpg,900,600,McLaren,171,37,352,125
image30.jpg,900,600,Racing Point,321,102,511,200
image30.jpg,900,600,Ferrari,544,106,740,209
image30.jpg,900,600,Mercedes,704,203,878,317
image300.jpg,900,600,Racing Point,478,394,591,474
image300.jpg,900,600,Racing Point,178,315,283,393
image300.jpg,900,600,McLaren,43,347,160,427
image300.jpg,900,600,McLaren,422,127,508,191
image302.jpg,900,600,Ferrari,203,315,587,521
image303.jpg,900,600,Ferrari,441,213,685,375
image303.jpg,900,600,Ferrari,248,147,480,281
image303.jpg,900,600,Red Bull Racing,140,115,322,239
image303.jpg,900,600,Red Bull Racing,426,105,628,220
image303.jpg,900,600,Racing Point,646,52,802,144
image303.jpg,900,600,Mercedes,132,275,579,468
image303.jpg,900,600,Renault,239,41,407,138
image305.jpg,900,600,Renault,542,355,689,431
image305.jpg,900,600,Renault,226,339,318,390
image305.jpg,900,600,Ferrari,380,362,553,451
image305.jpg,900,600,Mercedes,108,405,480,534
image305.jpg,900,600,Red Bull Racing,72,388,323,490
image306.jpg,900,600,Ferrari,402,106,783,302
image308.jpg,900,600,Ferrari,99,159,837,420
image309.jpg,900,600,Ferrari,528,25,811,206
image309.jpg,900,600,Red Bull Racing,49,193,833,593
image31.jpg,900,600,McLaren,628,340,898,492
image31.jpg,900,600,Mercedes,3,378,467,555
image31.jpg,900,600,Renault,225,173,387,275
image31.jpg,900,600,McLaren,1,298,206,419
image313.jpg,900,600,Ferrari,529,363,810,496
image313.jpg,900,600,Red Bull Racing,132,309,232,360
image313.jpg,900,600,Mercedes,314,330,448,389
image314.jpg,900,600,Ferrari,43,381,466,557
image314.jpg,900,600,Red Bull Racing,553,306,789,421
image315.jpg,900,600,Ferrari,186,358,602,584
image316.jpg,900,600,Ferrari,217,380,745,577
image317.jpg,900,600,Ferrari,114,341,541,555
image317.jpg,900,600,Ferrari,502,310,796,485
image317.jpg,900,600,Renault,518,193,620,246
image318.jpg,900,600,Ferrari,418,320,782,513
image318.jpg,900,600,McLaren,174,382,453,525
image319.jpg,900,600,Ferrari,482,352,790,524
image32.jpg,900,600,Red Bull Racing,436,188,594,319
image32.jpg,900,600,Racing Point,44,47,274,130
image32.jpg,900,600,Ferrari,32,217,257,352
image32.jpg,900,600,Renault,62,312,385,488
image32.jpg,900,600,McLaren,748,271,894,433
image320.jpg,900,600,Ferrari,327,280,548,416
image320.jpg,900,600,Red Bull Racing,353,207,514,301
image320.jpg,900,600,Renault,64,213,228,316
image321.jpg,900,600,accident,202,153,843,456
image322.jpg,900,600,accident,87,349,733,537
image323.jpg,900,600,accident,36,212,887,482
image324.jpg,900,600,accident,211,210,574,525
image326.jpg,900,600,accident,245,182,648,368
image328.jpg,900,600,accident,103,143,880,391
image329.jpg,900,600,accident,1,201,895,581
image33.jpg,900,600,Red Bull Racing,294,368,654,578
image33.jpg,900,600,McLaren,631,344,885,482
image33.jpg,900,600,Renault,1,282,184,398
image330.jpg,900,600,accident,204,260,561,526
image331.jpg,900,600,accident,90,133,855,519
image332.jpg,900,600,accident,1,214,861,420
image333.jpg,900,600,accident,303,18,570,403
image334.jpg,900,600,accident,328,130,874,428
image337.jpg,900,600,accident,227,170,741,489
image338.jpg,900,600,accident,1,3,882,396
image34.jpg,900,600,Mercedes,152,448,338,561
image34.jpg,900,600,Mercedes,612,426,800,539
image34.jpg,900,600,Renault,719,342,896,439
image34.jpg,900,600,Ferrari,92,408,290,512
image34.jpg,900,600,Ferrari,521,406,688,515
image340.jpg,900,600,accident,421,243,872,390
image340.jpg,900,600,accident,23,238,404,407
image341.jpg,900,600,accident,21,260,576,539
image342.jpg,900,600,accident,134,45,522,396
image343.jpg,900,600,accident,291,271,876,450
image344.jpg,900,600,accident,210,208,716,460
image345.jpg,900,600,accident,189,205,437,438
image346.jpg,900,600,accident,366,240,741,456
image347.jpg,900,600,accident,159,93,735,488
image348.jpg,900,600,accident,26,72,420,422
image35.jpg,900,600,Red Bull Racing,377,369,758,492
image35.jpg,900,600,Red Bull Racing,265,309,412,361
image35.jpg,900,600,Ferrari,414,310,583,368
image350.jpg,900,600,accident,449,255,766,422
image350.jpg,900,600,accident,47,326,355,490
image351.jpg,900,600,accident,94,201,536,529
image352.jpg,900,600,accident,286,256,805,441
image352.jpg,900,600,accident,195,367,716,543
image353.jpg,900,600,accident,204,232,617,428
image354.jpg,900,600,accident,263,194,687,421
image355.jpg,900,600,accident,83,219,596,440
image356.jpg,900,600,accident,131,273,559,519
image357.jpg,900,600,accident,45,240,400,528
image358.jpg,900,600,accident,424,317,881,461
image359.jpg,900,600,accident,519,186,812,428
image36.jpg,900,600,Red Bull Racing,196,239,410,343
image36.jpg,900,600,Mercedes,336,403,654,536
image360.jpg,900,600,accident,517,227,878,382
image360.jpg,900,600,accident,75,73,290,306
image361.jpg,900,600,accident,58,64,518,456
image362.jpg,900,600,accident,146,33,417,517
image363.jpg,900,600,accident,232,142,626,363
image364.jpg,900,600,accident,132,194,738,576
image365.jpg,900,600,accident,578,221,900,392
image368.jpg,900,600,accident,73,205,819,509
image37.jpg,900,600,Renault,231,266,394,353
image37.jpg,900,600,Red Bull Racing,713,209,826,268
image37.jpg,900,600,Racing Point,613,273,769,354
image37.jpg,900,600,Mercedes,13,440,444,561
image37.jpg,900,600,Ferrari,449,396,690,506
image370.jpg,900,600,accident,102,54,781,449
image372.jpg,900,600,accident,153,242,850,433
image373.jpg,900,600,accident,75,248,363,341
image373.jpg,900,600,accident,455,240,666,334
image374.jpg,900,600,accident,311,177,512,273
image374.jpg,900,600,accident,560,189,743,272
image375.jpg,900,600,accident,613,128,833,257
image375.jpg,900,600,accident,293,142,476,261
image375.jpg,900,600,accident,472,45,709,143
image376.jpg,900,600,accident,290,209,593,327
image377.jpg,900,600,accident,224,124,738,358
image378.jpg,900,600,accident,33,171,619,385
image379.jpg,900,600,accident,205,275,712,407
image38.jpg,900,600,Ferrari,320,358,742,598
image380.jpg,900,600,accident,123,112,472,300
image39.jpg,900,600,Mercedes,571,347,720,444
image39.jpg,900,600,Ferrari,535,280,663,352
image39.jpg,900,600,Red Bull Racing,334,246,461,320
image39.jpg,900,600,Mercedes,221,328,376,412
image4.jpg,900,600,Mercedes,173,354,650,566
image4.jpg,900,600,Red Bull Racing,670,269,895,456
image4.jpg,900,600,Racing Point,1,272,171,437
image40.jpg,900,600,Red Bull Racing,419,291,519,339
image40.jpg,900,600,Renault,267,395,389,455
image40.jpg,900,600,Ferrari,344,255,431,300
image41.jpg,900,600,Ferrari,83,350,534,506
image41.jpg,900,600,Mercedes,597,202,846,323
image42.jpg,900,600,Ferrari,36,413,383,563
image42.jpg,900,600,Ferrari,462,396,776,540
image42.jpg,900,600,McLaren,640,309,818,426
image42.jpg,900,600,Mercedes,345,327,514,441
image42.jpg,900,600,Racing Point,243,254,394,352
image42.jpg,900,600,Renault,193,190,304,264
image43.jpg,900,600,Renault,62,175,222,273
image43.jpg,900,600,Renault,382,96,521,172
image43.jpg,900,600,Red Bull Racing,364,177,514,262
image43.jpg,900,600,Red Bull Racing,513,73,653,140
image43.jpg,900,600,Racing Point,679,20,762,73
image43.jpg,900,600,Racing Point,594,4,676,49
image43.jpg,900,600,McLaren,167,96,301,176
image43.jpg,900,600,Mercedes,34,264,286,412
image43.jpg,900,600,Ferrari,405,351,814,543
image44.jpg,900,600,Red Bull Racing,294,179,447,288
image44.jpg,900,600,Mercedes,387,374,788,555
image44.jpg,900,600,Mercedes,153,307,425,457
image45.jpg,900,600,McLaren,370,290,649,391
image45.jpg,900,600,Racing Point,667,277,831,359
image46.jpg,900,600,Red Bull Racing,522,326,705,437
image46.jpg,900,600,Red Bull Racing,642,262,810,362
image46.jpg,900,600,Ferrari,331,283,490,377
image47.jpg,900,600,Racing Point,81,342,655,546
image47.jpg,900,600,Renault,474,227,800,427
image47.jpg,900,600,Ferrari,70,38,538,227
image48.jpg,900,600,Mercedes,367,223,698,446
image48.jpg,900,600,McLaren,29,33,319,175
image48.jpg,900,600,accident,307,10,626,206
image49.jpg,900,600,Mercedes,78,411,351,570
image49.jpg,900,600,Racing Point,398,378,652,508
image49.jpg,900,600,Racing Point,354,218,548,325
image49.jpg,900,600,Ferrari,392,280,609,396
image5.jpg,900,600,Mercedes,637,291,845,386
image5.jpg,900,600,Red Bull Racing,395,289,549,371
image5.jpg,900,600,Mercedes,197,289,344,361
image50.jpg,900,600,Mercedes,287,284,676,488
image50.jpg,900,600,Red Bull Racing,1,171,162,285
image50.jpg,900,600,Racing Point,267,73,362,129
image50.jpg,900,600,Racing Point,453,86,546,146
image50.jpg,900,600,Ferrari,194,108,304,169
image51.jpg,900,600,Ferrari,522,434,753,589
image52.jpg,900,600,Renault,230,50,700,226
image52.jpg,900,600,Ferrari,337,266,717,523
image53.jpg,900,600,Renault,378,380,587,476
image53.jpg,900,600,Red Bull Racing,584,351,673,404
image54.jpg,900,600,Racing Point,404,282,595,382
image54.jpg,900,600,Racing Point,1,246,99,306
image54.jpg,900,600,Ferrari,643,268,821,367
image54.jpg,900,600,Red Bull Racing,5,309,437,487
image54.jpg,900,600,McLaren,154,247,310,301
image55.jpg,900,600,Racing Point,222,39,457,107
image55.jpg,900,600,Racing Point,424,236,744,393
image55.jpg,900,600,Mercedes,17,322,303,525
image55.jpg,900,600,Ferrari,531,37,767,98
image56.jpg,900,600,Red Bull Racing,15,251,164,353
image57.jpg,900,600,Mercedes,368,369,552,495
image57.jpg,900,600,Red Bull Racing,89,356,267,477
image57.jpg,900,600,Ferrari,672,309,813,396
image57.jpg,900,600,McLaren,314,236,416,291
image58.jpg,900,600,Racing Point,160,137,323,249
image58.jpg,900,600,Mercedes,496,329,783,482
image58.jpg,900,600,Renault,579,200,778,311
image58.jpg,900,600,Red Bull Racing,344,59,479,134
image59.jpg,900,600,Mercedes,134,429,367,529
image59.jpg,900,600,Mercedes,504,424,731,520
image59.jpg,900,600,Renault,626,205,722,261
image59.jpg,900,600,McLaren,524,168,609,215
image59.jpg,900,600,McLaren,418,157,503,194
image59.jpg,900,600,Ferrari,475,312,604,380
image59.jpg,900,600,Ferrari,673,346,828,424
image59.jpg,900,600,Red Bull Racing,278,141,362,184
image59.jpg,900,600,Racing Point,499,255,623,315
image6.jpg,900,600,Ferrari,279,383,523,527
image6.jpg,900,600,Ferrari,613,385,837,527
image6.jpg,900,600,Red Bull Racing,695,294,889,413
image6.jpg,900,600,McLaren,293,207,446,296
image6.jpg,900,600,Racing Point,392,146,522,223
image60.jpg,900,600,Red Bull Racing,531,284,779,408
image60.jpg,900,600,Red Bull Racing,429,134,577,205
image60.jpg,900,600,McLaren,685,189,836,279
image60.jpg,900,600,McLaren,374,200,550,288
image60.jpg,900,600,Racing Point,400,96,509,161
image60.jpg,900,600,Ferrari,18,386,358,525
image61.jpg,900,600,McLaren,138,208,273,296
image61.jpg,900,600,Racing Point,424,164,556,248
image61.jpg,900,600,Ferrari,372,367,583,499
image61.jpg,900,600,Mercedes,62,376,279,505
image61.jpg,900,600,Mercedes,671,369,886,493
image61.jpg,900,600,Renault,319,282,484,368
image62.jpg,900,600,Red Bull Racing,178,328,685,577
image63.jpg,900,600,Mercedes,287,395,548,565
image64.jpg,900,600,Ferrari,387,469,529,551
image64.jpg,900,600,Racing Point,390,390,488,453
image64.jpg,900,600,Ferrari,532,454,667,527
image65.jpg,900,600,Mercedes,74,383,314,486
image65.jpg,900,600,Mercedes,369,360,574,452
image65.jpg,900,600,McLaren,302,264,419,330
image65.jpg,900,600,Ferrari,722,302,832,373
image65.jpg,900,600,McLaren,489,209,577,272
image65.jpg,900,600,Racing Point,309,162,388,218
image66.jpg,900,600,Mercedes,596,44,844,264
image67.jpg,900,600,Red Bull Racing,17,327,376,485
image67.jpg,900,600,Red Bull Racing,523,275,869,446
image67.jpg,900,600,Ferrari,406,40,532,106
image68.jpg,900,600,Renault,559,177,885,389
image68.jpg,900,600,Renault,459,19,734,184
image68.jpg,900,600,Ferrari,38,308,622,580
image69.jpg,900,600,Mercedes,116,287,667,492
image69.jpg,900,600,Racing Point,17,159,240,257
image69.jpg,900,600,Renault,252,127,461,204
image69.jpg,900,600,Red Bull Racing,343,191,643,319
image7.jpg,900,600,Mercedes,622,377,734,438
image7.jpg,900,600,Mercedes,312,369,422,423
image70.jpg,900,600,Mercedes,280,281,485,396
image70.jpg,900,600,Red Bull Racing,694,250,873,337
image71.jpg,900,600,Renault,393,146,492,200
image71.jpg,900,600,Mercedes,213,252,364,353
image71.jpg,900,600,Racing Point,256,135,344,188
image71.jpg,900,600,Ferrari,727,233,861,330
image71.jpg,900,600,Racing Point,157,127,242,180
image71.jpg,900,600,Red Bull Racing,495,219,633,283
image71.jpg,900,600,Red Bull Racing,549,190,668,255
image72.jpg,900,600,Racing Point,467,321,766,485
image72.jpg,900,600,McLaren,183,287,438,430
image73.jpg,900,600,McLaren,263,255,521,346
image73.jpg,900,600,Mercedes,367,345,831,514
image74.jpg,900,600,Red Bull Racing,438,243,647,369
image74.jpg,900,600,Racing Point,309,105,488,204
image74.jpg,900,600,Renault,85,196,267,315
image74.jpg,900,600,Mercedes,307,419,550,573
image74.jpg,900,600,Red Bull Racing,132,250,329,377
image75.jpg,900,600,McLaren,255,257,896,501
image76.jpg,900,600,McLaren,559,129,707,204
image76.jpg,900,600,McLaren,76,156,204,234
image76.jpg,900,600,Racing Point,133,314,425,445
image76.jpg,900,600,Racing Point,356,240,547,328
image76.jpg,900,600,Renault,4,262,209,364
image76.jpg,900,600,Renault,423,305,730,435
image76.jpg,900,600,Red Bull Racing,462,400,892,573
image77.jpg,900,600,Ferrari,217,186,320,254
image78.jpg,900,600,Red Bull Racing,524,214,639,270
image78.jpg,900,600,Ferrari,570,133,676,185
image78.jpg,900,600,Mercedes,610,386,775,473
image78.jpg,900,600,Mercedes,204,418,567,530
image79.jpg,900,600,Ferrari,183,343,783,550
image79.jpg,900,600,Mercedes,7,238,210,355
image79.jpg,900,600,Renault,131,37,310,81
image79.jpg,900,600,Renault,650,28,781,81
image79.jpg,900,600,Ferrari,760,45,893,109
image8.jpg,900,600,Ferrari,502,228,806,388
image8.jpg,900,600,Red Bull Racing,539,103,818,225
image8.jpg,900,600,Ferrari,213,83,464,213
image8.jpg,900,600,Mercedes,98,358,340,539
image8.jpg,900,600,Mercedes,138,206,480,346
image80.jpg,900,600,Red Bull Racing,565,325,879,509
image80.jpg,900,600,Ferrari,7,264,392,455
image80.jpg,900,600,Mercedes,227,9,611,189
image81.jpg,900,600,Ferrari,499,209,821,416
image81.jpg,900,600,Ferrari,204,19,464,192
image81.jpg,900,600,Mercedes,146,173,482,369
image81.jpg,900,600,Mercedes,103,369,339,595
image81.jpg,900,600,Red Bull Racing,534,32,815,209
image82.jpg,900,600,McLaren,429,217,665,340
image83.jpg,900,600,Mercedes,522,351,722,461
image84.jpg,900,600,Mercedes,30,185,287,392
image84.jpg,900,600,Renault,64,55,224,201
image84.jpg,900,600,Red Bull Racing,371,53,512,181
image84.jpg,900,600,Ferrari,409,309,810,576
image85.jpg,900,600,Renault,455,283,532,318
image86.jpg,900,600,Red Bull Racing,383,324,659,425
image86.jpg,900,600,Mercedes,181,159,382,252
image86.jpg,900,600,Mercedes,502,128,723,218
image86.jpg,900,600,Renault,25,255,171,351
image86.jpg,900,600,Renault,92,346,391,459
image86.jpg,900,600,Racing Point,256,453,734,596
image86.jpg,900,600,Red Bull Racing,372,230,525,329
image87.jpg,900,600,Renault,304,399,481,511
image87.jpg,900,600,Ferrari,687,423,876,545
image87.jpg,900,600,Red Bull Racing,512,383,700,478
image88.jpg,900,600,Red Bull Racing,37,284,197,364
image88.jpg,900,600,Racing Point,315,219,432,275
image88.jpg,900,600,Racing Point,713,223,838,282
image88.jpg,900,600,McLaren,546,182,640,237
image88.jpg,900,600,Ferrari,504,277,654,351
image88.jpg,900,600,Renault,446,249,557,330
image89.jpg,900,600,Red Bull Racing,115,315,767,564
image9.jpg,900,600,Red Bull Racing,314,119,474,183
image9.jpg,900,600,Ferrari,456,183,615,263
image9.jpg,900,600,McLaren,459,22,694,88
image9.jpg,900,600,Renault,310,72,501,138
image9.jpg,900,600,Ferrari,282,301,497,404
image9.jpg,900,600,Red Bull Racing,605,131,759,209
image9.jpg,900,600,Racing Point,1,1,177,56
image9.jpg,900,600,McLaren,70,65,261,136
image90.jpg,900,600,Red Bull Racing,21,99,893,476
image91.jpg,900,600,Red Bull Racing,218,448,360,550
image91.jpg,900,600,McLaren,68,417,221,482
image91.jpg,900,600,McLaren,400,411,580,487
image92.jpg,900,600,Racing Point,5,189,715,527
image93.jpg,900,600,Red Bull Racing,85,267,206,353
image94.jpg,900,600,Ferrari,29,243,626,568
image95.jpg,900,600,Renault,189,414,289,477
image95.jpg,900,600,Red Bull Racing,720,67,787,106
image95.jpg,900,600,Ferrari,600,179,672,223
image96.jpg,900,600,Red Bull Racing,79,354,335,490
image96.jpg,900,600,McLaren,488,238,615,314
image96.jpg,900,600,Racing Point,437,183,567,252
image97.jpg,900,600,Red Bull Racing,206,288,534,504
image98.jpg,900,600,Renault,146,280,846,529
image99.jpg,900,600,Racing Point,536,327,830,552
image99.jpg,900,600,Renault,376,37,605,191
